Model,Accuracy,Precision,Recall,F1-Score
Random Forest,0.9478260869565217,0.9473684210526315,0.9473684210526315,0.9473684210526315
Gradient Boosting,0.9478260869565217,0.9473684210526315,0.9473684210526315,0.9473684210526315
Logistic Regression,0.9391304347826087,0.9807692307692307,0.8947368421052632,0.9357798165137615
